{
  "type": "object",
  "properties": {
    "response_type": {
      "type": "string"
    },
    "client_id": {
      "type": "string"
    },
    "state": {
      "type": "string"
    },
    "authorization_details": {
      "type": "string"
    },
    "code_challenge": {
      "type": "string"
    },
    "code_challenge_method": {
      "type": "string"
    },
    "redirect_uri": {
      "type": "string"
    },
    "client_secret": {
      "type": "string"
    }
  },
  "required": [
    "response_type",
    "client_id",
    "state",
    "authorization_details",
    "code_challenge",
    "code_challenge_method",
    "redirect_uri",
    "client_secret"
  ]
}