{
  "keys_0": {
    "credential_issuer_well-known_api": "/.well-known/openid-credential-issuer",
    "did": "https://did.dyne.org/dids/",
    "f": "f",
    "a": "a",
    "firebase_url": "http://issuer1.zenswarm.forkbomb.eu:3366/verify-credential"
  },
  "registrationToken_path": "registrationToken",
  "m_path": "m",
  "iss_path": "iss",
  "data_1_path": "data_1",
  "secrets_path": "relying_party/secrets.keys",
  "controller_path": "controller",
  "well-known_path": "public/relying_party/.well-known/openid-relying-party",
  "relying_party_well-known_path": "relying_party_well-known",
  "id_path": "id",
  "vp_path": "vp",
  "expires_in": 1800,
  "expires_in_path": "expires_in",
  "credential_issuer_path": "credential_issuer",
  "body_path": "body",
  "url_path": "url",
  "did_path": "did",
  "data_0": {},
  "data_2": {},
  "data_3": {},
  "zen_0_preparation_path": "relying_party/verify_0_preparation.zencode",
  "zen_1_kid_from_wk_path": "relying_party/verify_1_kid_from_wk.zencode",
  "zen_2_pk_from_did_path": "relying_party/verify_2_pk_from_did.zencode",
  "zen_3_check_presentation_path": "relying_party/verify_3_check_presentation.zencode"
}
