{
  "type": "object",
  "properties": {
    "response_type": {
      "type": "string"
    },
    "client_id": {
      "type": "string"
    },
    "state": {
      "type": "string"
    },
    "authorization_details": {
      "type": "array",
      "items": [
        {
          "type": "object",
          "properties": {
            "type": {
              "type": "string"
            },
            "locations": {
              "type": "array",
              "items": [
                {
                  "type": "string"
                }
              ]
            },
            "credential_configuration_id": {
              "type": "string"
            }
          },
          "required": [
            "type",
            "locations",
            "credential_configuration_id"
          ]
        }
      ]
    },
    "code_challenge": {
      "type": "string"
    },
    "code_challenge_method": {
      "type": "string"
    },
    "redirect_uri": {
      "type": "string"
    },
    "client_secret": {
      "type": "string"
    }
  },
  "required": [
    "response_type",
    "client_id",
    "state",
    "authorization_details",
    "code_challenge",
    "code_challenge_method",
    "redirect_uri",
    "client_secret"
  ]
}