{
    "client":{
        "grants": ["authorization_code"]
    },
    "request": {
        "headers": {
			"content-length": 42,
            "Content-Type": "application/x-www-form-urlencoded"
        }
    },
	"server": {
		"authentication_url": "https://did.dyne.org/dids/"
	},
    "expires_in": 600,
    "request_path": "request_uri",
    "expires_path": "expires_in",
    "secrets_path": "authz_server/secrets.keys",
    "controller_path": "controller",
	"well-known_path": "public/authz_server/.well-known/oauth-authorization-server"
}
