{
	"verificationMethod": "did:dyne:sandbox.genericissuer:6Cp8mPUvJmQaMxQPSnNyhb74f9Ga4WqfXCkBneFgikm5#es256",
	"server": {
		"authentication_url": "https://did.dyne.org/dids/"
	},
	"request": {
        "headers": {
            "content-length": 42,
            "Content-Type": "application/x-www-form-urlencoded"
        }
    },
    "token_type": "bearer",
    "accessToken_path": "accessToken",
    "c_nonce_path": "c_nonce",
    "c_nonce_exp_path": "c_nonce_expires_in",
    "exp_in_path": "accessTokenExpiresAt",
    "secrets_path": "authz_server/secrets.keys",
    "controller_path": "controller",
	"authorization_details_path": "authorization_details",
	"well-known_path": "public/authz_server/.well-known/oauth-authorization-server"
}
