{
    "did_admin_endpoint": "https://apiroom.net/api/genericissuer/generate_sandbox_generic_issuer",
    "did_server_endpoint": "https://did.dyne.org/api/v1/sandbox/pubkeys-accept.chain",
    "did_data": {},
    "did_keys": {
	"@context": [
            "https://www.w3.org/ns/did/v1",
            "https://w3id.org/security/suites/ed25519-2018/v1",
            "https://w3id.org/security/suites/secp256k1-2019/v1",
            "https://w3id.org/security/suites/secp256k1-2020/v1",
            "https://dyne.github.io/W3C-DID/specs/ReflowBLS12381.json",
            "https://dyne.github.io/W3C-DID/specs/IssuerBLS12381.json",
            "https://dyne.github.io/W3C-DID/specs/Bbs.json",
            "https://dyne.github.io/W3C-DID/specs/EcdsaSecp256r1.json",
            "https://dyne.github.io/W3C-DID/specs/Dilithium2.json",
            {
		"description": "https://schema.org/description"
            }
	],
	"did_spec": "sandbox.genericissuer"
    },
    "key_data": {
        "controller": "credential_issuer"
    },
    "empty_keys": {},
    "key_zen_path": "credential_issuer/.autorun/generate_key.zen",
    "did_zen_path": "credential_issuer/.autorun/generate_did.zen",
    "kid_zen_path": "credential_issuer/.autorun/generate_kid.zen",
    "secrets_path": "credential_issuer/secrets.keys",
    "well-known_path": "public/credential_issuer/.well-known/openid-credential-issuer",
    "kid_well-known_path": "jwks.keys.0.kid",
    "result_path": "result",
    "kid_path": "kid",
    "controller_path": "controller",
    "ecdh_path": "ecdh_public_key",
    "eddsa_path": "eddsa_public_key",
    "ethereum_path": "ethereum_address",
    "bitcoin_path": "bitcoin_public_key",
    "reflow_path": "reflow_public_key",
    "es256_path": "es256_public_key",
    "issuer_path": "issuer_public_key",
    "bbs_path": "bbs_public_key",
    "dilithium_path": "dilithium_public_key",
    "description_path": "description"
}
