{
	"type": "object",
	"properties": {
	  "format": {
		"type": "string"
	  },
	  "proof": {
		"type": "object",
		"properties": {
		  "jwt": {
			"type": "string"
		  },
		  "proof_type": {
			"type": "string"
		  }
		},
		"required": [
		  "jwt",
		  "proof_type"
		]
	  },
	  "vct": {
		"type": "string"
	  },
	  "http_headers": {
		"type": "object",
		"properties": {
			"request": {
				"type": "object",
				"properties": {
					"authorization": {
						"type": "string"
					  }
				},
				"required": [
					"authorization"
				]
			}
		},
		"required": [
		  "request"
		]
	  }
	},
	"required": [
	  "format",
	  "proof",
	  "vct",
	  "http_headers"
	]
  }